6.706487780630963069e-01,-7.362807271713078805e-01,-9.011607669314980473e-02
5.481968300874159317e-01,2.529218795648893736e-01,7.971892863802627627e-01
5.916841699912799291e-01,1.589531719510211272e-01,-7.903440593238109102e-01
-3.601106717357793752e-01,9.248786105654980272e-01,1.221468780626004252e-01
-6.940518101187528321e-01,-5.886189391708244179e-01,-4.145115551107060869e-01
3.221997742965615474e-01,7.662775475489340682e-01,-5.558831042275309553e-01
2.347370792136336815e-01,7.088145163608620125e-01,6.651920662773793680e-01
3.590873829409622076e-01,-7.993698989377950870e-01,-4.817302316491980374e-01
1.113953051628118890e-01,7.728046869391350659e-01,6.247911665769527723e-01
-6.573480782299985226e-01,-7.223291675125177447e-01,2.147884489631621818e-01
-8.630900251035608095e-01,-3.962815826453000012e-01,3.131078341767755679e-01
-7.750369941071968416e-01,-6.288213403479242514e-01,6.246102535438395609e-02
-9.754096166152628200e-01,-1.982406319225505642e-01,-9.631579138133990192e-02
-9.140874013903762529e-01,-4.043368303065913438e-01,-3.091844557877863539e-02
5.462113232427169285e-01,-1.080835855745683194e-01,-8.306450077444547109e-01
2.419567017515677210e-01,-6.398700529703738038e-01,-7.293992526656398745e-01
2.353710672227198597e-01,-4.585030830653971101e-01,8.569570488268144492e-01
-7.669590415254277094e-01,2.235726583710915261e-01,6.014890647811316216e-01
-6.161960159499771938e-01,2.116304421999483376e-01,-7.586270663914054246e-01
8.935052646366291595e-01,-3.372847641088733694e-01,2.964579733565099184e-01
6.862974798517581521e-01,7.273177316156074212e-01,-2.164815616365293495e-03
-2.520129356484503980e-01,1.947681835798660277e-01,9.479213231755311275e-01
9.422017095839474443e-02,-9.619659043353632200e-01,-2.564062368212166598e-01
8.857982713216047133e-01,-3.921274353071407814e-01,2.481884304376428818e-01
-1.711298278926909611e-01,9.689542117464140514e-01,1.784441580559685547e-01
-3.451150214180440101e-01,-5.838323583128648409e-01,-7.348710086664607122e-01
1.567341906231050630e-01,-6.620134393106866799e-01,-7.329205957412820993e-01
2.038794277340091610e-01,-9.749033785056546719e-01,8.942360720253590689e-02
-2.245418485154436830e-02,-5.744189483769054361e-01,8.182534334350346494e-01
3.208511817730851784e-02,-2.447674702480317765e-01,-9.690507885038467384e-01
-9.590042211322556964e-01,1.715325706143646656e-01,2.255825371542393709e-01
-5.867054447006402329e-01,1.549981236524837491e-01,-7.948284738374900016e-01
-5.470722973599845274e-01,8.110300784019028875e-01,-2.072247895129147033e-01
-4.088279530253329797e-01,6.504548375944534389e-01,6.401313998509129410e-01
2.878158630679025221e-01,9.445479699351778669e-01,-1.580859306131091879e-01
-7.135118925296146664e-01,6.433909541835630685e-01,-2.773965740480076048e-01
-4.304984367777002219e-01,3.402156277211582092e-02,9.019499039295362230e-01
2.087562127152197133e-01,8.901610471751816300e-01,4.050113007618206251e-01
-1.285630839324433949e-01,9.724715628979661020e-01,1.943465790914946645e-01
8.585690654429116719e-01,-4.155794050553113239e-01,3.002547550969990042e-01
5.036024803032846942e-01,2.763852182172631400e-01,-8.185326829048280572e-01
8.745235225242791177e-01,3.734944505645507173e-01,3.093711427221534360e-01
-1.215456143776302705e-01,-4.441614865414072466e-01,8.876639214809237677e-01
9.446094294546683034e-01,-1.178801082386845417e-01,-3.062961081485726655e-01
8.724663021509634353e-01,-4.218311273152553498e-01,2.467003276020617586e-01
-8.001865644873370487e-01,-3.262879969296857974e-01,5.032271903162292004e-01
2.322816669201104856e-01,5.318386789326846609e-01,-8.143665309944604358e-01
9.471653016388642543e-01,-2.800692747930084159e-01,1.563300760835143188e-01
9.152422216560954782e-01,-3.976128281097576767e-01,6.508236796994182338e-02
-2.945526860877744069e-01,-9.518733667125280906e-01,-8.471014615637245670e-02
9.968862192463339156e-01,7.686058683187084462e-02,-1.761579032035770834e-02
-3.779226161497844516e-01,8.019412296836926357e-01,4.626713307909942619e-01
5.790220447604437215e-01,-5.422080227973621880e-02,-8.135069614217056433e-01
-2.144115836774309336e-01,1.270417293887218246e-01,9.684462152225381537e-01
-5.490380408539724533e-01,4.097776505373962874e-01,7.284500716008497356e-01
5.524528441344264129e-01,8.216539818545145479e-01,-1.402875230033100995e-01
7.637160674011875816e-01,-2.938784185717091546e-01,5.747810396064365612e-01
1.672846321377128853e-01,5.058735923958592728e-01,-8.462315051846381886e-01
6.274041775806514787e-01,-7.710716783397359997e-01,-1.086851637376921309e-01
8.041575285570591314e-01,3.641041048154454174e-01,4.698498378434813882e-01
1.038034919585317101e-01,-9.902602496517614039e-01,9.278724598158163972e-02
-2.756405249485224251e-01,-9.032345843593798662e-01,3.289218548884237370e-01
-7.638286320642492244e-01,-1.491265499391113414e-01,-6.279546901983578122e-01
6.360538926155504535e-01,-2.897723245743873480e-02,7.711003603213483215e-01
3.525775642102411678e-01,-2.015734395062304118e-01,-9.138146473444169748e-01
-2.822454450373677592e-01,6.493866166811569640e-02,-9.571418280361653208e-01
5.394485305705679634e-01,-8.328588755218401252e-01,-1.238603097434805567e-01
9.313816826754751643e-01,-3.607783827393427623e-01,-4.865305462748469728e-02
1.816741211714575366e-01,-9.255231073370023820e-01,3.322671989255604474e-01
4.440341403204266513e-01,7.447133831318640818e-01,-4.982325352826662557e-01
-5.831450300519243068e-01,7.293274745229977318e-01,3.578034499996421980e-01
-2.474990577285436921e-01,-9.688279635289919201e-01,-1.079784736645984615e-02
-5.509275951930109327e-01,4.395949334543831077e-01,-7.093906394477462740e-01
-8.283686636403492232e-01,-4.010839350742858578e-01,3.910716483255056164e-01
2.888905192215225903e-01,1.320960718900035802e-01,9.482050915783725165e-01
-4.499615509299813021e-01,8.374217436651247848e-01,-3.102570320259446235e-01
-5.333323979087559730e-01,-1.992794938919091319e-01,-8.220974617738950885e-01
9.657979409481625144e-01,2.356625766717559689e-01,1.081549222953742950e-01
7.813298518977675189e-02,-9.274362550617534229e-01,-3.657283546874156577e-01
-9.747969353703005435e-01,-2.158096977684697271e-01,5.654298490309693503e-02
-7.179375135990461176e-01,6.248127496771079814e-01,3.068790550170394926e-01
4.538626013565988937e-01,-5.253915412161791476e-01,-7.197030411970682939e-01
-6.051646652279614180e-01,-4.811527456483744025e-01,-6.342458224652015586e-01
-4.260659546485462412e-01,-9.003933681440602355e-01,8.808850601308916561e-02
-4.240754730164007502e-01,8.853852013316877434e-01,1.904023068367679539e-01
-4.872645563813717828e-01,1.581120833817968238e-02,-8.731112516657608680e-01
1.618022610330249744e-01,5.129577918565554340e-01,8.430268869367379958e-01
2.729503924582780683e-01,-9.409101328664623010e-01,-2.004649723170822406e-01
3.643028445883395028e-01,-8.029977217441603976e-01,4.716758381542687784e-01
-6.842142855692906478e-01,-2.054962665240408770e-01,6.997300164117483678e-01
1.837749981830860135e-01,9.612582408285507141e-01,-2.054491286961488972e-01
6.516617257405553643e-01,-7.555723142818233651e-01,-6.668937768228692942e-02
2.736455363884712222e-01,-9.277548050577457683e-01,2.537501568608973579e-01
8.033035979041318608e-01,-5.606069651184167890e-01,2.010551174553761866e-01
5.929013794592324915e-01,-7.396930782912574109e-01,3.183113321315202970e-01
-2.347896922978188472e-01,8.090340153662359812e-01,5.388299939415776008e-01
-6.339876038231432309e-01,2.430231295036401618e-01,7.341658373452458752e-01
-3.551572331522621084e-01,9.123262012741558680e-01,2.037749793480495009e-01
-6.947803266879339912e-01,7.118341405443279202e-01,1.028224391994559395e-01
-7.067539319402169617e-01,6.969981557615101408e-01,-1.212124191330936629e-01
2.410574417737925898e-02,9.499378898840999952e-01,-3.115074934254360439e-01
5.423644992218674687e-01,-2.407419545441543685e-01,-8.049124556783011641e-01
-8.528877424991155864e-01,3.675713897020173038e-01,3.707745570657324796e-01
-3.830536733860902543e-01,-1.387658632765154110e-01,-9.132436249405444517e-01
5.835071754271798916e-01,-1.326754252763709223e-02,8.119995988547479282e-01
8.620821669172173962e-01,4.671839556537729088e-01,-1.963504241477683210e-01
4.864449924499996136e-01,9.568914798511041209e-02,8.684554428859337927e-01
-4.808469130972373717e-01,8.487515009873536354e-01,2.200162169854125438e-01
6.109110838965470941e-02,9.960266878908934363e-01,6.479748054377115762e-02
5.793266459011273684e-01,1.788482631392080413e-01,7.952320014442568752e-01
9.184802548748022266e-01,2.412768610388065227e-01,-3.133360779297189591e-01
3.916846606966477573e-01,-9.049113739369420983e-01,-1.664888341436376318e-01
1.235244055486186682e-01,3.186500017074335167e-01,-9.397892836406005479e-01
1.246882444402025031e-01,5.651265796380178230e-01,8.155273083625436126e-01
-1.633306030129393904e-01,-8.925181104146210354e-01,-4.203980693358902454e-01
9.893413200330191115e-01,-2.000131002842636327e-02,1.442348781414192482e-01
-1.398921653821342537e-01,2.500802110050138194e-01,9.580657963461515214e-01
-5.095259527141940414e-02,9.558572523839541368e-01,2.893799338242108443e-01
-2.499132413745508985e-01,6.329292221557138998e-01,7.327646085388050956e-01
5.966257895363166197e-01,5.202142532401770048e-01,6.110767529418310584e-01
1.316808289917977548e-01,-6.985147297272661371e-01,-7.033756689210092228e-01
2.492217965311559202e-02,-6.776207884700733430e-01,7.349890829084018140e-01
-1.828034166093195634e-01,9.120560817341508489e-03,-9.831071794297592259e-01
-3.846922967487895195e-01,1.692489213645914370e-01,-9.073955253576380109e-01
2.354529095364674696e-01,-9.716979474804726680e-01,-1.910566023587402171e-02
-1.116360365201029825e-01,-5.573606764003259384e-01,8.227311053756587444e-01
2.818275412544157255e-01,1.816887167341881548e-01,9.421053270213338715e-01
1.105482367266179683e-01,9.241194631400686532e-01,-3.657626350549587069e-01
8.749773600251407046e-01,-2.663892653457298684e-02,4.834304366054343882e-01
3.040250164798310450e-01,1.205358090046173003e-01,9.450078878517580439e-01
-3.047423349808927040e-01,9.510926155540987414e-01,-5.054647276375225790e-02
-2.963474314437961610e-01,-1.974216329493161740e-02,9.548761421593381371e-01
-8.987401425640536567e-01,-2.085323084031643348e-01,-3.857206664102822979e-01
6.029330912100312467e-01,4.084144037508559699e-01,6.853242753126063125e-01
-4.823553437935994004e-01,-7.051985551059512802e-02,8.731324483104057066e-01
9.480156602460455550e-01,-3.068301464968598014e-01,-8.438938990755812108e-02
4.871097337395955407e-01,-4.841442419418415799e-01,-7.268620641433282126e-01
-3.883869053561519458e-01,3.887676286741933995e-01,8.354731250273200738e-01
2.569400831529055074e-01,9.645602530835429844e-01,6.004424902344657200e-02
3.233595337170153128e-01,-2.428907973183451474e-01,-9.145723987374499986e-01
5.693763693447765339e-01,-7.324875508211545760e-01,3.731923604842238840e-01
6.623983012229143208e-01,7.487967472337350161e-01,-2.306343142672202806e-02
8.104588356200570498e-01,-4.073836411962711845e-01,-4.209454176624909949e-01
4.948554953609051593e-02,-1.287145739784218978e-01,-9.904462321765197252e-01
3.562730209457292130e-01,8.678883268968695663e-01,3.461782583906109489e-01
8.710423184420298393e-01,3.306777260226197446e-01,-3.632320484148432449e-01
-5.258665541991178749e-01,-8.717031049751294836e-02,-8.460884729994337938e-01
7.990616694098309214e-01,1.104883433548259769e-01,5.910099613903984084e-01
-8.777951018037998265e-01,-3.161139391007591337e-01,3.599274048408347415e-01
-8.477602337164088508e-01,4.127966596649888520e-01,3.330187740931840334e-01
-7.805806230399077172e-01,-3.873947356053818458e-01,4.905295197639645277e-01
4.913876239720177952e-01,-1.201833720061726840e-01,-8.626089265132611539e-01
8.883302908682287891e-01,4.061751233536705086e-01,2.142219958234881927e-01
3.501648109223762240e-01,7.802744550273338353e-01,5.182242564985680700e-01
1.354242642611332981e-01,-2.930754128217258891e-01,9.464497192395936453e-01
-8.212889242913135046e-01,-3.599379072166165039e-01,4.426389112865469766e-01
-3.318494088701567923e-01,-5.333858061262694017e-01,7.780588356002116068e-01
6.224698998590839638e-01,-6.816766530612954345e-01,3.845102917225653449e-01
8.427769336694071467e-02,-6.827021409407206809e-01,7.258202650489334884e-01
-3.203987474997390672e-01,1.910025171989162274e-01,-9.278268594001124470e-01
-4.079474516808228590e-01,8.751771400184318317e-01,2.600843137451409603e-01
-4.990823693100349817e-02,-7.185882005326942323e-01,6.936426788639977747e-01
-1.739467405949305101e-01,3.073847485256534506e-01,-9.355517878825420075e-01
-7.090879865091959111e-01,1.891890036465546376e-01,-6.792655948063012206e-01
-7.549387500966510123e-01,3.749494829770848581e-01,-5.380337989547896438e-01
-2.883856620414391725e-01,9.466629233474388450e-01,-1.437463720870960360e-01
7.675494046702453499e-01,-6.326985879757411890e-01,1.027638465796958944e-01
5.322114767854816408e-01,-5.517132145043418534e-01,6.421553339489619594e-01
-6.839849372849119424e-01,-8.117036643005953733e-02,-7.249661903709475608e-01
9.779549250932434434e-01,1.863985662453634673e-01,-9.412618651332699260e-02
-1.240096848881546837e-01,-9.391448226603960059e-01,3.203569885676197382e-01
7.359278535660486176e-01,-5.539667241686916377e-01,-3.892699100360538234e-01
2.706631133974511938e-01,4.507571526697042308e-01,-8.506229883815151771e-01
-5.650346090413072009e-01,-4.839975525660535904e-01,6.681932801933938570e-01
-9.369851170833890519e-01,-1.736298119254505445e-01,3.031692246501293542e-01
8.219244615016059186e-01,-4.953404682809826598e-01,-2.812081081129629290e-01
-2.248865875116333110e-02,7.835637377741343501e-01,-6.209042833424497365e-01
2.562584215856965053e-01,3.853425476800234062e-01,8.864777167610454756e-01
-3.710698743953056988e-01,-9.102721657125848465e-01,-1.836075506213527553e-01
5.083958629219479386e-01,-8.596354605520968306e-01,-5.060159607395987164e-02
3.790606684296592976e-01,-8.100619571206775227e-01,-4.473395078410553061e-01
-2.719426234378864438e-01,-9.594788562547373889e-01,7.380741126621859216e-02
-7.731155976279621145e-01,2.884344874263063407e-01,-5.648874393783975822e-01
-2.094570189251369341e-01,-5.034069313678546376e-01,-8.382775308176849682e-01
3.646026376887616660e-01,-5.701288236371491180e-01,-7.362187453797397474e-01
2.312710348391272819e-01,-9.674696068866782683e-01,1.025488575995629342e-01
-7.040929689228991872e-01,7.012930219367004003e-01,1.115400757406418975e-01
-3.547782171218580305e-02,-7.593776739126638364e-03,9.993416126237287811e-01
1.396245027894056634e-01,8.792832523480847984e-02,9.862928610925930650e-01
-4.572925301386053243e-01,-7.570381181197608500e-01,4.666656507534314713e-01
-3.737306544048770718e-01,-6.454251660251251188e-01,6.661469455154336305e-01
-8.171317521003633733e-01,-5.757815543918385348e-01,-2.777231231836196912e-02
9.905845681320964990e-01,-1.320849970264076911e-01,3.599676289725883827e-02
1.902203165135640250e-01,-1.150420478977768057e-01,9.749777220023877478e-01
5.119167656596165239e-01,-3.820189872438209400e-02,-8.581852014399043993e-01
8.011430849971061807e-01,-5.640707080826616870e-01,-1.999849835473755943e-01
-5.540313476096289103e-01,8.026309025232065686e-01,2.209816738569993777e-01
8.108379970916089474e-02,-5.203094701636807873e-01,-8.501196813876941150e-01
4.994775915545114908e-01,2.620435483537631449e-01,8.257453083736373545e-01
6.178935508929521703e-01,6.316226501625442635e-01,-4.682524827126311462e-01
5.256580607599171673e-01,7.684738002486731778e-01,3.648720618100074753e-01
-8.174186910743214129e-02,-9.163529393027054493e-01,3.919382061832140107e-01
7.311813629231513900e-01,3.980215932667348078e-01,-5.540330547966003660e-01
-1.220393724392933449e-01,8.514415897460545501e-01,-5.100525569246123769e-01
2.666664804229528785e-01,-5.884683262246744873e-01,7.632784663863936281e-01
-1.780749355757590413e-01,9.374580384276981482e-01,-2.991015605224782714e-01
7.973338971138876907e-01,4.512694326218781304e-01,-4.007674583774344379e-01
-4.812280472826205302e-01,-6.377215234428803559e-01,6.014406247055877897e-01
-3.704254213705301391e-01,-4.070580381869398634e-01,8.349184156250627487e-01
-3.742576729031209526e-01,-9.222377876955949461e-01,-9.699823307398651451e-02
-9.125849006463044866e-01,-6.204040327935187588e-02,4.041531732812571609e-01
6.572041486377324659e-01,-2.148236902147354355e-01,7.224496447060352322e-01
-7.092882727447666347e-02,3.044474868953396807e-01,9.498846399350709957e-01
2.553256794843563604e-01,9.546260485115461991e-01,1.532902635495249910e-01
-2.907260396113472423e-01,-2.228589327994681957e-01,-9.304903363084343626e-01
-7.240442051034899906e-01,-3.524784955841269163e-01,-5.928902927243840937e-01
-3.571061661597211834e-01,-7.585994460308231879e-01,5.449789597520567908e-01
8.849615567359565560e-01,3.957924603271441577e-01,2.453392986206214266e-01
-2.705908706970277522e-01,6.464147266065271014e-01,7.133923057628483999e-01
-9.363343725156534347e-01,-2.778844724975440550e-01,-2.146116557656630175e-01
-1.146005202769188741e-01,9.107455252299110349e-01,-3.967484203194174830e-01
8.537402221961365445e-01,5.195306628063783849e-01,3.486435727869833384e-02
2.464724900999724910e-01,-3.025211718825014384e-01,-9.207237654078214151e-01
3.860282414208912431e-03,8.835741303338644492e-01,4.682754044624142242e-01
9.903894101056947008e-01,1.366662506243997988e-01,-2.124034582493674814e-02
-5.326137025124068058e-01,8.439538926930157947e-01,-6.375320309075424574e-02
-9.206224273282876958e-01,3.883972469391773763e-01,4.002405364576613889e-02
-6.802525710552179694e-01,-5.794012353164436080e-01,4.489439253253626472e-01
-4.103061279396529315e-01,-4.837672255620006356e-01,7.730576646326026147e-01
-3.296873590925327169e-01,8.998149086946969355e-01,-2.857260494693223407e-01
6.814775761373790264e-01,-7.124837563292586440e-01,1.671981165829096172e-01
8.402625042837827962e-01,3.845655278817119993e-01,3.821887997571437601e-01
-5.052796345092259722e-01,-4.477544122747609268e-01,7.377048713670708580e-01
3.125470214808063751e-01,8.738912803325435963e-01,-3.723283356423792712e-01
2.870701975772322889e-01,-9.577716823399199386e-01,-1.625134365916129295e-02
1.032204567120510313e-01,-9.761761370349074651e-01,-1.908551461180994224e-01
-6.113722698682184653e-01,5.534537624055009264e-01,-5.656084162345690336e-01
-8.248699604024870569e-01,-3.410809808550663846e-01,-4.508362373684543511e-01
-9.986539984472025955e-02,7.125506709027047414e-01,-6.944771006375656253e-01
7.828097837148317861e-02,-6.808694077686312518e-01,7.282094053155292457e-01
7.064523728052504170e-01,7.038289657938742172e-01,-7.449719368779628148e-02
-2.470189171967249464e-01,8.511729473497229304e-01,-4.631266222610652128e-01
-1.516307889244198348e-01,9.318681958852667035e-01,3.295903052999225036e-01
8.734109184326200870e-01,4.744011886406770406e-01,-1.099858162628242209e-01
-5.475512064992825723e-01,5.141349399420864774e-01,-6.601915932454209823e-01
-6.718138613173990636e-01,3.506195846985965536e-01,6.524814499796833811e-01
7.625304797026212222e-01,-4.407214687381600382e-01,-4.736157245254526416e-01
-4.937481080911283460e-01,-8.676918059179414833e-01,-5.765184905354534678e-02
-4.663448278097315769e-01,8.797813042963746888e-01,9.223534130517202501e-02
-2.915379958359290424e-01,-2.710071603993647327e-01,9.173661842450061554e-01
4.683879952420808013e-01,6.136794555346640756e-01,-6.356179762780335141e-01
-2.990850544049060700e-01,9.177741515004371742e-01,-2.612254525678282535e-01
-5.340016081068416076e-01,-7.705358169681501002e-01,-3.480184439200498248e-01
6.827702864600674326e-01,4.871240767221213241e-01,5.445501536175143542e-01
-9.642070022467439383e-01,-2.102027304916722350e-01,1.616158065047881010e-01
-9.678464442402481271e-01,-1.489922730666976280e-01,2.026686037301455301e-01
1.451076717299452923e-01,9.845850825048443333e-01,9.765233696150536769e-02
-4.185203132402873782e-01,8.596676622938380363e-02,-9.041296712913000633e-01
6.414834903657551379e-01,-2.832572338195415429e-01,-7.129265537746994896e-01
9.951749219639821620e-01,7.357452268923869720e-02,6.491274377988354161e-02
-7.204474546207849661e-01,4.105631001042708839e-01,-5.589216456384583642e-01
2.477919042710188258e-01,-8.848085390340484357e-01,-3.946048928107394049e-01
6.755480012256630251e-02,9.956564471322357779e-01,6.406706068186349134e-02
-7.789598465927890514e-01,-1.134728018363255070e-01,-6.167215584358572977e-01
8.005535689143308264e-01,4.009525952862584841e-01,-4.453661410926313402e-01
2.837628558272068391e-01,7.920250088363871566e-01,-5.405321702086829383e-01
7.793381228404931971e-01,-5.272762738959351214e-01,3.385436770549336005e-01
-1.649196158014136770e-01,6.348012919345541460e-01,-7.548700815916175033e-01
1.620425993317052837e-01,-9.428365507644750343e-01,2.912068586836033535e-01
-8.447475685092853404e-01,3.515406358194749226e-01,-4.035105040334012738e-01
-7.742857015041580693e-02,4.813669724542790629e-01,8.730925806320103399e-01
2.331398497862816662e-03,1.699985441175134726e-01,9.854415556383695485e-01
2.211655308612578974e-01,9.067742104803877545e-01,3.589517226125649163e-01
5.302374632369514229e-01,2.038703414781407874e-01,8.229733388425343188e-01
6.448131260643581442e-01,-7.346978355623475787e-01,2.107964014757170157e-01
8.605608344613381311e-01,5.092042028518396490e-01,1.208842376937030103e-02
5.835595904157954150e-01,-4.433872121390179388e-01,6.803425494156150055e-01
7.269210581268599203e-01,-1.098566030637299420e-02,6.866331557093345861e-01
-8.304935205756351912e-01,9.875869968732074733e-02,5.482036405551834468e-01
-8.700570765172116472e-01,4.840395560148952336e-01,9.330804796600380979e-02
-7.870107147554422644e-01,2.263179319380614340e-01,5.739288532069168891e-01
4.514784748797446290e-01,-8.202852393544182164e-01,-3.511400188208753659e-01
6.733267827610467382e-02,-8.291125900443333530e-01,5.550122732572171369e-01
3.419578784299609486e-02,-6.968954056028003885e-01,7.163570630233957459e-01
5.755215157150579408e-01,-5.286778737853048415e-01,-6.239188174104798312e-01
-5.565633480440372871e-01,6.530571370560942501e-01,-5.135694844459800512e-01
-4.206466170558850193e-01,-8.315643397861159913e-01,-3.627081090291761623e-01
-7.569195512765370948e-01,5.067844073035859820e-01,4.126043594162315808e-01
-9.858984444943509340e-01,-1.275372664545841583e-01,1.083443713762359123e-01
4.014866315645224115e-01,2.581273274063115575e-01,-8.787370297882343140e-01
-1.928056217268422912e-01,-9.717991443268868546e-01,1.357660315250330263e-01
8.298630152075829880e-01,-4.957254823534868460e-01,-2.560929950935435517e-01
6.253178640113726816e-02,4.343519816932388949e-02,9.970973669855288657e-01
2.226417624633197923e-01,-2.331148298643928585e-01,-9.466193119224443064e-01
8.348694654538353355e-01,-3.508548553356681809e-01,4.241389467382293832e-01
-9.117511842018541923e-01,-2.875340666154214686e-01,-2.933154251690743286e-01
6.631852491519877324e-01,-3.914832945679542209e-01,-6.379076385978117436e-01
4.476407412041155109e-01,-1.953690255231607387e-01,8.726102856833402033e-01
9.786540868056254894e-01,8.434973139203516546e-02,-1.874067800073912493e-01
2.879473978019473912e-01,-8.959708801358782226e-01,-3.381160718564361622e-01
-1.093411891511903294e-01,9.199044771023209277e-01,3.765903043920663662e-01
-4.900878421592799739e-01,7.622830473919164351e-01,-4.227747185281470754e-01
5.249982395881404029e-01,-5.625466914344335878e-01,6.386846392277848450e-01
4.563458914982005399e-01,-7.711384646759913419e-01,4.439525826142555753e-01
4.693838085968178864e-01,7.301430667005125441e-01,4.965580956709061411e-01
4.162563318669643686e-01,3.755642679919835580e-01,8.280592652632450257e-01
9.145873005176603510e-01,-2.788833907820693903e-02,4.034257184108096528e-01
-9.381215942596017598e-02,1.917460377272443006e-01,9.769507335376439450e-01
5.701830625484822779e-01,-5.412482532739735230e-01,6.180142421584684520e-01
-1.047631840883458260e-01,-3.913315414253032420e-01,9.142670834856559958e-01
-1.841949348404151310e-01,-6.767120603678766777e-01,-7.128344922433246245e-01
6.581554946666081651e-01,5.308085881925068694e-01,5.339228292002785592e-01
-1.770911107457278366e-01,-7.428925852868325519e-01,6.455612637238161700e-01
-2.732034843035122118e-01,9.222259767605711644e-01,2.736039180136697890e-01
2.608687366044339928e-01,5.146527682849433294e-01,8.167496742325955905e-01
-3.484248838962908379e-02,9.986633062285507068e-01,3.817855151100534722e-02
3.310465973791013594e-01,8.387199439747823337e-01,-4.323852517635829451e-01
7.947538197626695666e-01,2.140983525484018435e-01,-5.679157168178269322e-01
-4.000513719823668990e-01,3.032108860707483089e-02,9.159910105239613687e-01
-1.127039607124757925e-01,-3.556647816824345387e-01,9.277932853338113350e-01
-4.857486564969777931e-01,-6.285146280710547373e-01,-6.074681925929000803e-01
-6.958676446470344334e-01,-4.368903447685846819e-01,5.699956559320218386e-01
-7.456008366405016963e-01,-4.351601965970678387e-01,5.046929717150667738e-01
5.019979689152618274e-01,8.523253497556623204e-01,-1.467635423694849950e-01
8.044174149251633044e-02,8.824976971548311733e-01,4.633863838548463732e-01
-7.856384832675796792e-01,3.695970377000950546e-01,-4.961554225566132126e-01
-5.509056630918759412e-01,8.259258069320035700e-01,1.197894478533869794e-01
-4.197447586020919830e-01,-5.790839361804814844e-01,6.989106756115487373e-01
-6.354202014762060369e-01,1.115410690161876411e-01,-7.640679010916920921e-01
-4.546824273697831487e-01,-8.608277524560743466e-01,-2.285595564454601936e-01
4.420249967714363071e-01,-7.601456602318709121e-01,-4.762273380013635204e-01
-5.608538153217699218e-01,-2.934658767107996002e-01,-7.741581085575320875e-01
-3.976366333613651771e-01,-5.298199461968258195e-01,-7.491167682150972063e-01
8.505995244699088298e-01,1.158806431265127501e-01,-5.128860746015148075e-01
5.061088089294565329e-01,8.508628795142282319e-01,1.410185583133046483e-01
-2.862153132652085485e-01,-2.034900835527787555e-01,9.363079516634372768e-01
-5.888608476411537618e-01,-6.844776415084141696e-01,-4.298060730031870169e-01
-5.934024477628883076e-01,-7.226935378888237338e-01,-3.543833874249017746e-01
6.597592999793306934e-01,-6.045061244549674306e-01,4.464190985914681109e-01
3.505590922370522278e-01,2.006869299674033935e-01,-9.147858104442768701e-01
-2.645685583614008074e-01,8.390984454752847821e-01,-4.753075601413580542e-01
8.107937650775485228e-01,3.963271296948663314e-01,4.307415428992213968e-01
5.595023702326300530e-01,4.935173642539435468e-01,-6.658811522215575263e-01
-2.577470601978870124e-01,8.960981003134184109e-01,-3.613511416531424714e-01
-5.437937491138090662e-01,-4.317410822358934697e-01,7.196443540628434388e-01
1.768571998990498273e-01,-4.561313043272244294e-01,-8.721615469949431931e-01
3.981103662946524485e-02,6.750974758026483391e-01,7.366535681902178778e-01
-1.064160184211085242e-01,4.209743383571271091e-01,9.008086575228821946e-01
-7.754958537537554042e-01,-6.296859210837748577e-01,-4.584562792254225083e-02
9.644748399505509440e-01,2.622957701035672495e-01,3.145174221145397714e-02
4.532793482688731723e-01,-1.134641224989221681e-01,-8.841174839004685149e-01
6.271959888449583076e-01,-3.112416016747344139e-01,7.139704874599096529e-01
-2.010064467646920650e-01,9.525226467264046315e-01,-2.286854080005066570e-01
2.031512318257503724e-01,8.160573362584635504e-01,-5.410914903659279629e-01
-2.426826875507150372e-01,8.042612264877206929e-01,5.424656604169789675e-01
4.101696312102635217e-02,-6.237672156169998816e-01,7.805331956154994977e-01
-7.336055342986375072e-01,-6.506987854473993416e-01,1.959949250967742418e-01
-1.501342125998240129e-01,9.142459737208870063e-01,3.763163798483636358e-01
7.090397982281602118e-01,5.924823961590102162e-01,-3.823966197160321157e-01
-2.064149980385680261e-01,-9.710944524974278735e-01,-1.198683148853723623e-01
6.728788415883792950e-01,-5.637709806153770042e-01,4.789533859976949914e-01
-9.729303214125388788e-01,2.132543529968492779e-01,-8.904589043852069452e-02
2.869366873437175780e-01,-5.894431588060440319e-01,7.551318427883746409e-01
2.528882754221474793e-01,-9.382627483918197786e-01,2.360307927670475814e-01
-3.056182657758175006e-02,-7.918896050423908095e-01,6.098990311371612627e-01
-6.111082425257496897e-01,1.400434471250656676e-01,-7.790600418673894190e-01
-4.772847238792667923e-01,-5.692270906435507177e-02,8.769031289397174467e-01
3.702945287196853230e-01,7.672188921913276616e-01,5.236956496525229099e-01
-5.161180110714342906e-01,-8.405231725557731348e-01,-1.647513127244965569e-01
-7.615140798317437953e-01,-3.481702096070636854e-01,5.466935259907382827e-01
1.034751368253751386e-01,-6.659701887854637681e-01,-7.387669481697348717e-01
9.798121496834999444e-01,-1.056394395540372205e-01,1.697305515907717166e-01
-9.232652568877278143e-02,-5.759976693945758619e-01,8.122207196977044852e-01
-3.477828375591458104e-02,6.743542118280487774e-01,7.375885492391839326e-01
-6.501198576586704192e-01,-7.412385239432127682e-01,-1.670617290116362119e-01
1.454145299994938356e-01,9.861827975073074182e-01,7.936059705979646439e-02
9.968615339153402699e-01,1.007980146202885202e-02,-7.852056929519110606e-02
-3.305563740000143635e-01,5.060255280078722329e-02,9.424287056631955872e-01
-2.927995815669555135e-01,9.322108000602644662e-01,-2.127238333737371812e-01
-1.805684557775461552e-01,7.131712590991762246e-01,6.773343251105824470e-01
-1.557214398327961269e-01,9.799290541632134088e-01,-1.244583544129962138e-01
2.001385237117279670e-01,7.937728211714532023e-01,-5.743424759636033272e-01
-2.514309697101723140e-01,-4.350572028469139041e-01,-8.645852749854242569e-01
3.854146962175699631e-01,3.460797443088152181e-01,8.553854818259795101e-01
7.400923983134589657e-01,-5.190843440675867448e-01,-4.275683403884762424e-01
2.756102875192926183e-01,3.333746007907016917e-01,-9.016098629458160207e-01
2.822770245575306758e-01,-7.001319256185996320e-02,-9.567747040313321349e-01
-2.202354801537569906e-01,-4.457158648103058951e-01,8.676598994639808105e-01
-3.080631245614410818e-01,1.640659090231475770e-01,9.371123138566956889e-01
1.387769391975079980e-01,8.500125616425197039e-01,-5.081531326252871628e-01
6.131059425032876486e-01,-7.571198228602471492e-01,2.255452883551844756e-01
1.968727912881391429e-01,-3.645351156749294108e-01,-9.101402383645514904e-01
-4.435829740872218041e-01,8.473748566129518656e-01,2.918732558493745133e-01
-8.347034567726235865e-01,-1.663628133598827608e-01,-5.249700501769769545e-01
-6.581541217242402597e-01,5.276568193136284002e-01,5.370395079407273009e-01
-1.541732954436480507e-01,2.772899963116292055e-01,-9.483358334037274018e-01
6.415565292632428029e-01,-6.045357172615696273e-01,4.721671169350334929e-01
8.188318818133538679e-01,-5.731529928493133141e-01,-3.178043602401802586e-02
-5.019388886530632421e-01,-8.311196246945868893e-01,-2.393690069855678171e-01
2.184029677235262146e-01,8.336648028980471192e-01,-5.072505693427230566e-01
-3.551766863968140453e-01,-6.342057275735367705e-01,-6.867551358039486464e-01
7.288267448623808598e-01,-6.728515820471143716e-01,-1.268161050892261665e-01
6.889360554723925611e-01,-5.271071531617859129e-01,4.975190052207234537e-01
-3.930895231068891049e-01,6.989119622297891299e-01,-5.974970258300071890e-01
3.881146821888483145e-01,7.362175049660059090e-01,5.543922608145593900e-01
3.149373002930816456e-01,-7.697768266367861489e-01,-5.552099909557685065e-01
4.577149169233294401e-01,3.322439002214976345e-01,-8.246884536547587352e-01
8.685069973090109308e-01,1.474131435582022864e-01,4.732493642167672210e-01
-4.942043665817771880e-01,-8.241635009228165387e-01,-2.766162825976647976e-01
-8.713930520244492772e-01,-4.360512615046169271e-01,-2.247964550960433738e-01
-8.409908175074449765e-01,3.429737890008380252e-01,-4.184536114392707340e-01
6.375316216321014196e-01,-7.806186802515312217e-02,7.664592462613826207e-01
7.547529623324982229e-01,-4.718145164192547036e-01,-4.557839706992594109e-01
7.119660706288704066e-01,3.753388755318415315e-01,-5.934855034352389813e-01
6.688987697267277932e-01,2.808862577515914283e-01,6.882422146776355776e-01
7.382307467018415226e-01,1.734178342731697853e-01,6.518754630909533443e-01
-9.604989736536174716e-01,-2.780995342444052554e-01,1.011783886966430464e-02
-4.744663630885429528e-01,-5.353137165684807020e-01,6.987996101538490601e-01
3.776618501585949361e-01,2.892636427867623095e-01,8.796010867981686188e-01
-8.378640331275407638e-01,2.188601346302947864e-02,-5.454400649071784457e-01
5.507215796960479581e-01,8.316011750260310365e-01,7.173024015304811651e-02
8.258554534984381412e-01,4.561871660971051345e-01,-3.314453792334133286e-01
-5.753272637319125637e-01,-8.088803300899728432e-01,1.212895345868167385e-01
1.046473988715314329e-01,-7.592443427850623650e-01,-6.423370998613587846e-01
-2.805236132693363360e-01,8.133924559274192667e-01,-5.096069220866972227e-01
-8.346368862279475165e-01,4.372337821474484021e-01,3.349744585737153280e-01
8.821451800880500960e-01,-2.514791829588061689e-01,3.982186607704276127e-01
2.253698993117270871e-02,8.495245186448592278e-01,5.270675253760779277e-01
7.099211469108362982e-01,-6.660944358401031939e-01,2.287578801083308966e-01
9.591356155545717466e-02,-2.371562323057261612e-01,9.667251471790210271e-01
8.989299901389309344e-01,2.249968667240964948e-01,3.759006288810390894e-01
3.231578435693459594e-01,3.513143861151680758e-01,8.787190735656834617e-01
-7.867667532874736969e-01,-3.183719821652248316e-01,-5.288074856634247256e-01
5.454782003888604125e-01,-3.732173676979678723e-01,7.504414229965786776e-01
2.462191275599245610e-01,9.669366127276818323e-01,6.640578431391867820e-02
-4.118999734963825765e-01,6.446950062785785640e-01,-6.439772982901980081e-01
8.039898699459300246e-01,-1.807037188549617812e-01,5.665213632479479955e-01
1.137632052572034730e-01,-9.203373883356031904e-01,-3.742152118249718051e-01
5.823418084519733640e-01,1.064458175502804582e-01,8.059449770641528010e-01
6.394182538625393653e-01,-6.741192528536732453e-01,-3.697398133274080179e-01
9.876709445571152379e-01,1.046959870963697636e-01,-1.163823679238941700e-01
-1.215986693565771631e-01,9.344899636819369304e-01,-3.345777508867588401e-01
-4.533452654380641933e-01,-7.907255601449700855e-01,4.113771491445708528e-01
-5.301731014054147373e-01,-5.626386835318106794e-01,6.343139556558367032e-01
-4.324918002635342873e-01,-9.002834411314173391e-01,-4.940210855197217643e-02
3.553634524066255906e-01,-2.156197651638908364e-01,9.095190671801842708e-01
2.933631738229282027e-01,-7.727432070587154644e-01,5.628552071262639123e-01
-9.093063109335988159e-01,2.485731265304768622e-01,-3.337265851909208547e-01
6.108812617340309004e-01,-7.565358542264556396e-01,2.334043387173542483e-01
4.379709020616214254e-01,-8.164134744191434145e-02,8.952743598111130297e-01
-8.352358671860932171e-01,-3.258670657389640124e-01,-4.429353244352641217e-01
5.671223763292524422e-01,-4.777047312791011247e-01,6.709473898751104892e-01
-6.318394869973277261e-01,-6.986704721426264530e-01,3.356164984427214004e-01
4.700036355584145120e-01,-5.340081923584276691e-01,-7.028028408138069505e-01
-7.439375340192408981e-01,1.260645770368601093e-01,6.562504612523242242e-01
9.535533100194319989e-01,2.558235874489693251e-01,-1.590294848627911706e-01
-1.844271391654011272e-01,-4.935756016479035946e-01,8.499233823099443530e-01
-1.026488292668742974e-01,-9.553836892744052012e-01,2.769570799213605938e-01
3.854182605470943823e-01,-7.529192664457502460e-01,5.334466633616197218e-01
-5.202501243769254158e-01,1.785587353140818401e-01,8.351386628152412950e-01
7.938731774420475507e-01,2.533700749137247077e-01,5.527829440895229984e-01
5.514810052782938010e-01,6.860795534811938712e-01,4.745140115025986427e-01
-6.811147956303832407e-01,6.737178057839531276e-01,2.866826701128565302e-01
9.432202055738527768e-01,3.274785010953892295e-01,5.561901758873648988e-02
5.702282459049154983e-01,-6.957490477838769172e-01,-4.367756976756280163e-01
3.292925139818672076e-01,9.385748629281981392e-01,-1.031681487418266707e-01
4.095986960071109073e-01,-8.928722509801143570e-01,-1.871043870650236363e-01
1.375148396719906019e-01,9.896746686928361569e-01,4.041929016832839644e-02
-8.840013459103378546e-01,4.674760553436273502e-01,-2.785338233153476176e-03
-6.842789174701373600e-01,3.062698227272829254e-01,6.617863392307939963e-01
6.145864153708051336e-02,-5.537018754363297601e-01,8.304438984776199018e-01
-4.906154690489136216e-01,-7.079848823452653539e-01,5.079900273632103058e-01
2.004622941811874948e-01,7.776507533238308234e-01,5.958810069690873013e-01
4.774356766157261678e-01,-1.882548027066068830e-01,-8.582629573460457406e-01
3.359974948806541684e-01,9.413723696182356715e-01,3.039317609715087506e-02
-5.196410025656070936e-02,9.843112056626190931e-01,1.686154876976832251e-01
9.792709536925876534e-01,1.678564938582303712e-01,1.133692935659020157e-01
-9.173392517639878951e-01,-1.443292105786181112e-01,-3.710226086734334516e-01
-5.435924959402040901e-01,-5.079704937056780389e-01,-6.681864828638103271e-01
7.018878335882806907e-02,9.001766085666333961e-01,-4.298320696272923125e-01
-8.669922304050065032e-01,4.780941171033152304e-01,-1.405364280482230277e-01
-8.960787507562486542e-01,-3.442790294524895045e-01,-2.802049648424750350e-01
-4.028135235752580146e-01,-8.163202027245637371e-01,4.139596500247484934e-01
5.083269739914911822e-01,3.640218383795980617e-01,7.804433283047472747e-01
-3.617651085733711303e-01,-1.909687848464930726e-01,9.125003722920614901e-01
1.018584039750904530e-01,7.038264149681318083e-01,-7.030314666732594420e-01
2.270000061115361178e-01,8.945809010726460953e-01,3.849623470697036698e-01
3.394480117253954599e-01,-4.977322371868434514e-01,7.981463947175704288e-01
8.166707467975515833e-01,-4.050696252720822343e-01,-4.110565532953636692e-01
-5.674156343595193608e-01,-1.066594033460862290e-01,-8.164945006319646037e-01
-2.070368221749293580e-01,-1.557352202094193783e-01,-9.658583205884961886e-01
7.528624299193782399e-01,5.261897427654294024e-01,3.953764234553454049e-01
2.438551046168531966e-01,-8.751875341560098054e-01,-4.178294724049835263e-01
-1.989680670441174859e-01,-7.457621562398139003e-01,-6.358069790567504320e-01
-5.724165334616001521e-01,-4.306932828637227706e-01,6.977410754111257329e-01
-5.478485531174057677e-01,5.172489071945201022e-01,6.575070576451934601e-01
3.422560306308507494e-01,-8.045244123515317147e-01,-4.853877619256967701e-01
-8.179649071901725632e-01,4.163050241895892567e-01,-3.970183086960576424e-01
-7.887542020138015308e-01,-1.713280123008702749e-01,5.903503375171424983e-01
7.289640716316663216e-01,4.035019567370540794e-01,5.529896501559061761e-01
-7.643728654715029602e-01,6.350097929777814842e-01,1.117885743410236415e-01
5.692169900515305914e-01,4.165896919716092217e-01,-7.088335818650777220e-01
-9.075270639982814247e-01,1.026183259903600264e-01,4.072641738252892885e-01
-7.697950903045551740e-01,-2.747614673938821861e-01,-5.761264227394558013e-01
2.462693907731176857e-01,8.268071581699889538e-01,-5.057087208730972616e-01
-9.491722693720378023e-02,4.932737942655476271e-01,-8.646801049645016501e-01
-9.549684755260274827e-01,-2.393379805122502202e-01,1.753640266297876449e-01
1.054869419172346501e-01,-2.707065880086060861e-01,-9.568649059787326383e-01
3.460788567025783746e-01,6.810458364075667737e-01,6.452952763311954332e-01
-5.454461246941294528e-01,7.925441636744688934e-01,-2.726944694739758535e-01
3.803819007684538511e-01,1.265826696057593681e-01,9.161257759299524794e-01
-7.095803703017080633e-01,-5.633728678286293867e-01,-4.232100068252599989e-01
